{"acc": [0.862547288776797, 0.9230769230769231, 0.9583858764186634, 0.9596469104665826, 0.9546027742749055, 0.9659520807061791, 0.9596469104665826, 0.9621689785624212, 0.9709962168978562, 0.9609079445145019, 0.9722572509457755, 0.9659520807061791, 0.9709962168978562, 0.9747793190416141, 0.969735182849937, 0.9747793190416141, 0.9735182849936949, 0.9659520807061791, 0.9735182849936949, 0.9470365699873896, 0.9760403530895334, 0.969735182849937, 0.9747793190416141, 0.9747793190416141, 0.9747793190416141, 0.9760403530895334, 0.9760403530895334, 0.9747793190416141, 0.9760403530895334, 0.9747793190416141, 0.9747793190416141, 0.9747793190416141, 0.9747793190416141, 0.9747793190416141, 0.9747793190416141, 0.9747793190416141, 0.9747793190416141, 0.9747793190416141, 0.9747793190416141, 0.9747793190416141, 0.9747793190416141, 0.9747793190416141, 0.9747793190416141, 0.9747793190416141, 0.9747793190416141, 0.9747793190416141, 0.9747793190416141, 0.9747793190416141, 0.9747793190416141, 0.9747793190416141], "pre": [0.7864271457085829, 0.9883381924198251, 0.9394673123486683, 0.9715025906735751, 0.9285714285714286, 0.9718670076726342, 0.9396135265700483, 0.9867021276595744, 0.9650872817955112, 0.997275204359673, 0.9675, 0.9946380697050938, 0.9674185463659147, 0.9947368421052631, 0.965, 0.9947368421052631, 0.9746835443037974, 0.9946380697050938, 0.9820051413881749, 0.9971910112359551, 0.9845758354755784, 0.9946808510638298, 0.9845360824742269, 0.9895833333333334, 0.982051282051282, 0.994750656167979, 0.9845758354755784, 0.9895833333333334, 0.9845758354755784, 0.9895833333333334, 0.9845360824742269, 0.9845360824742269, 0.9845360824742269, 0.9845360824742269, 0.9845360824742269, 0.9845360824742269, 0.9845360824742269, 0.9845360824742269, 0.9845360824742269, 0.9845360824742269, 0.9845360824742269, 0.9845360824742269, 0.9845360824742269, 0.9845360824742269, 0.9845360824742269, 0.9845360824742269, 0.9845360824742269, 0.9845360824742269, 0.9845360824742269, 0.9845360824742269], "gradNorm": [583.6794925299329, 298.5279906919006, 170.4457880558082, 70.13053388943807, 58.86316891572187, 73.72832340920459, 39.9420196744992, 58.5179490288675, 42.23288682113271, 27.259485579080287, 48.017883495797875, 17.483405612839, 28.17195717999305, 13.95898820344223, 19.546316671431192, 13.677094622874602, 16.262415148799963, 8.245274737288236, 19.11864740897598, 4.964315703449569, 14.573288301478964, 1.2044362277473546, 2.744223721773638, 0.7035478281702482, 0.6542382434996017, 0.7482579194711779, 0.9416554220655016, 0.47575410259955, 0.413660830846755, 0.3381841519430485, 0.27748008577733596, 0.24439295199034974, 0.22407603014174263, 0.20834593235509263, 0.19485817354001497, 0.183045472437622, 0.1726048597405258, 0.1633078713806289, 0.15497458769455452, 0.14746122545697607, 0.14065144326979906, 0.13445005603409313, 0.12877840988780703, 0.12357092514894612, 0.11877247563311902, 0.11433637653579758, 0.11022282157269174, 0.1063976561653679, 0.10283140502856833, 0.09949849448783553], "period": [12.882734060287476, 27.966588020324707, 42.864304065704346, 57.16208004951477, 70.46576309204102, 84.61453294754028, 96.68690800666809, 109.61809706687927, 122.95023798942566, 134.61185312271118, 146.97490906715393, 157.27497100830078, 168.97965812683105, 179.2718870639801, 189.98212003707886, 199.96417117118835, 211.11503314971924, 220.54608607292175, 232.46142411231995, 238.28833413124084, 247.56007313728333, 254.3289830684662, 262.6615209579468, 268.7882080078125, 275.19502997398376, 281.24993801116943, 288.01036500930786, 294.22141695022583, 300.7890319824219, 306.9981470108032, 313.2595911026001, 319.45446395874023, 325.33262515068054, 331.8991119861603, 337.90971994400024, 343.61870312690735, 351.1536409854889, 357.8070650100708, 365.0953381061554, 372.12024307250977, 378.3185980319977, 384.1861081123352, 389.8361849784851, 395.38071298599243, 401.17957615852356, 406.6240780353546, 412.59953212738037, 418.1904470920563, 423.87126207351685, 430.30114912986755], "rec": [0.9949494949494949, 0.8560606060606061, 0.9797979797979798, 0.946969696969697, 0.9848484848484849, 0.9595959595959596, 0.9823232323232324, 0.9368686868686869, 0.9772727272727273, 0.9242424242424242, 0.9772727272727273, 0.9368686868686869, 0.9747474747474747, 0.9545454545454546, 0.9747474747474747, 0.9545454545454546, 0.9722222222222222, 0.9368686868686869, 0.9646464646464646, 0.8964646464646465, 0.9671717171717171, 0.9444444444444444, 0.9646464646464646, 0.9595959595959596, 0.9671717171717171, 0.9570707070707071, 0.9671717171717171, 0.9595959595959596, 0.9671717171717171, 0.9595959595959596, 0.9646464646464646, 0.9646464646464646, 0.9646464646464646, 0.9646464646464646, 0.9646464646464646, 0.9646464646464646, 0.9646464646464646, 0.9646464646464646, 0.9646464646464646, 0.9646464646464646, 0.9646464646464646, 0.9646464646464646, 0.9646464646464646, 0.9646464646464646, 0.9646464646464646, 0.9646464646464646, 0.9646464646464646, 0.9646464646464646, 0.9646464646464646, 0.9646464646464646]}