{"acc": [0.862547288776797, 0.9230769230769231, 0.9546027742749055, 0.957124842370744, 0.9621689785624212, 0.9583858764186634, 0.9659520807061791, 0.9659520807061791, 0.969735182849937, 0.9709962168978562, 0.9722572509457755, 0.9735182849936949, 0.9722572509457755, 0.9735182849936949, 0.9709962168978562, 0.9722572509457755, 0.9684741488020177, 0.9709962168978562, 0.9709962168978562, 0.9722572509457755, 0.969735182849937, 0.9735182849936949, 0.9747793190416141, 0.9747793190416141, 0.9747793190416141, 0.9747793190416141, 0.9747793190416141, 0.9735182849936949, 0.9747793190416141, 0.9735182849936949, 0.9747793190416141, 0.9735182849936949, 0.9735182849936949, 0.9735182849936949, 0.9735182849936949, 0.9735182849936949, 0.9722572509457755, 0.9735182849936949, 0.9735182849936949, 0.9735182849936949, 0.9722572509457755, 0.9735182849936949, 0.9735182849936949, 0.9735182849936949, 0.9722572509457755, 0.9735182849936949, 0.9722572509457755, 0.9735182849936949, 0.9722572509457755, 0.9735182849936949], "pre": [0.7864271457085829, 0.9883381924198251, 0.930622009569378, 0.9713541666666666, 0.9485294117647058, 0.9865951742627346, 0.9555555555555556, 0.9767441860465116, 0.9603960396039604, 0.9794344473007712, 0.9675, 0.987012987012987, 0.9675, 0.987012987012987, 0.9650872817955112, 0.9794871794871794, 0.9602977667493796, 0.9769820971867008, 0.9674185463659147, 0.9770408163265306, 0.9673366834170855, 0.9820051413881749, 0.9845360824742269, 0.9870466321243523, 0.9845360824742269, 0.9870466321243523, 0.9845360824742269, 0.9844961240310077, 0.9845360824742269, 0.9844961240310077, 0.9845360824742269, 0.9844961240310077, 0.9844961240310077, 0.9844961240310077, 0.9844961240310077, 0.9844961240310077, 0.9819587628865979, 0.9844961240310077, 0.9844961240310077, 0.9844961240310077, 0.9819587628865979, 0.9844961240310077, 0.9844961240310077, 0.9844961240310077, 0.9819587628865979, 0.9844961240310077, 0.9819587628865979, 0.9844961240310077, 0.9819587628865979, 0.9844961240310077], "gradNorm": [583.6794925299329, 297.90135127198585, 172.84830840430678, 70.93153534630876, 61.64141159315307, 47.28158394859387, 59.53414705406166, 32.17942804953011, 31.393523848747424, 28.423786858932793, 23.56168678897626, 18.528351100440112, 22.69483842374394, 14.38280504235274, 15.745377114371555, 17.382292410233674, 8.638778731771765, 19.738544403180963, 5.673076835146509, 11.767878494380232, 3.6872193241339515, 10.003391271410813, 1.7110309974757358, 1.1441821597621353, 0.9073127207295281, 0.7367773266454403, 1.0380686497636171, 0.7928534640440358, 0.6202698039421447, 0.5009461471680706, 0.7076213341166785, 0.5389631961428205, 0.423202330374818, 0.34490539226656386, 0.47545510032763544, 0.36546392266875527, 0.29126555631853557, 0.42298454824470577, 0.31963195625533, 0.25015806690019043, 0.203945993560647, 0.2825313397463498, 0.21769912850468842, 0.17468671932642135, 0.25159988120250515, 0.1915058110698114, 0.15147203667500073, 0.22521307826766956, 0.16964065811602985, 0.13257194101107686], "period": [14.390954971313477, 28.653472900390625, 43.16316485404968, 58.13992691040039, 72.26969599723816, 85.94136095046997, 100.51392197608948, 114.1743278503418, 128.989816904068, 141.798889875412, 154.06663393974304, 166.70754289627075, 178.4910478591919, 189.6458477973938, 200.56572079658508, 212.14972400665283, 221.86083889007568, 235.47394680976868, 247.38220191001892, 261.25492000579834, 270.873676776886, 283.09034395217896, 289.9207329750061, 303.0911829471588, 315.15878677368164, 326.53591299057007, 338.88046193122864, 351.49264192581177, 365.02137899398804, 376.844929933548, 388.906760931015, 402.6937289237976, 415.63099479675293, 426.2522888183594, 437.46057295799255, 449.0421938896179, 459.8198299407959, 471.4621419906616, 483.9528958797455, 495.6205267906189, 507.38371992111206, 520.6025609970093, 532.3091168403625, 544.3356969356537, 557.2125499248505, 570.7673008441925, 582.4203748703003, 593.4949598312378, 606.5059208869934, 618.9871389865875], "rec": [0.9949494949494949, 0.8560606060606061, 0.9823232323232324, 0.9419191919191919, 0.9772727272727273, 0.9292929292929293, 0.9772727272727273, 0.9545454545454546, 0.9797979797979798, 0.9621212121212122, 0.9772727272727273, 0.9595959595959596, 0.9772727272727273, 0.9595959595959596, 0.9772727272727273, 0.9646464646464646, 0.9772727272727273, 0.9646464646464646, 0.9747474747474747, 0.9671717171717171, 0.9722222222222222, 0.9646464646464646, 0.9646464646464646, 0.9621212121212122, 0.9646464646464646, 0.9621212121212122, 0.9646464646464646, 0.9621212121212122, 0.9646464646464646, 0.9621212121212122, 0.9646464646464646, 0.9621212121212122, 0.9621212121212122, 0.9621212121212122, 0.9621212121212122, 0.9621212121212122, 0.9621212121212122, 0.9621212121212122, 0.9621212121212122, 0.9621212121212122, 0.9621212121212122, 0.9621212121212122, 0.9621212121212122, 0.9621212121212122, 0.9621212121212122, 0.9621212121212122, 0.9621212121212122, 0.9621212121212122, 0.9621212121212122, 0.9621212121212122]}