{"acc": [0.8638083228247163, 0.9230769230769231, 0.9583858764186634, 0.9596469104665826, 0.9546027742749055, 0.9659520807061791, 0.9596469104665826, 0.9621689785624212, 0.9709962168978562, 0.9609079445145019, 0.9722572509457755, 0.9659520807061791, 0.9709962168978562, 0.9747793190416141, 0.969735182849937, 0.9747793190416141, 0.9735182849936949, 0.9659520807061791, 0.9735182849936949, 0.9470365699873896, 0.9760403530895334, 0.969735182849937, 0.9747793190416141, 0.9747793190416141, 0.9747793190416141, 0.9760403530895334, 0.9760403530895334, 0.9747793190416141, 0.9760403530895334, 0.9747793190416141, 0.9747793190416141, 0.9747793190416141, 0.9747793190416141, 0.9747793190416141, 0.9747793190416141, 0.9747793190416141, 0.9747793190416141, 0.9747793190416141, 0.9747793190416141, 0.9747793190416141, 0.9747793190416141, 0.9747793190416141, 0.9747793190416141, 0.9747793190416141, 0.9747793190416141, 0.9747793190416141, 0.9747793190416141, 0.9747793190416141, 0.9747793190416141, 0.9747793190416141], "pre": [0.788, 0.9883381924198251, 0.9394673123486683, 0.9715025906735751, 0.9285714285714286, 0.9718670076726342, 0.9396135265700483, 0.9867021276595744, 0.9650872817955112, 0.997275204359673, 0.9675, 0.9946380697050938, 0.9674185463659147, 0.9947368421052631, 0.965, 0.9947368421052631, 0.9746835443037974, 0.9946380697050938, 0.9820051413881749, 0.9971910112359551, 0.9845758354755784, 0.9946808510638298, 0.9845360824742269, 0.9895833333333334, 0.982051282051282, 0.994750656167979, 0.9845758354755784, 0.9895833333333334, 0.9845758354755784, 0.9895833333333334, 0.9845360824742269, 0.9845360824742269, 0.9845360824742269, 0.9845360824742269, 0.9845360824742269, 0.9845360824742269, 0.9845360824742269, 0.9845360824742269, 0.9845360824742269, 0.9845360824742269, 0.9845360824742269, 0.9845360824742269, 0.9845360824742269, 0.9845360824742269, 0.9845360824742269, 0.9845360824742269, 0.9845360824742269, 0.9845360824742269, 0.9845360824742269, 0.9845360824742269], "gradNorm": [583.6794925299329, 298.52799069189956, 170.44578805580832, 70.13053388943796, 58.86316891572184, 73.72832340920446, 39.94201967449916, 58.51794902886752, 42.23288682113258, 27.25948557908028, 48.0178834957977, 17.483405612838943, 28.171957179992685, 13.958988203442146, 19.546316671430958, 13.677094622874442, 16.262415148799732, 8.245274737288199, 19.118647408975537, 4.964315703449552, 14.573288301475204, 1.204436227746881, 2.744223721768739, 0.7035478281699566, 0.6542382434980298, 0.7482579194672134, 0.9416554220575181, 0.4757541025969854, 0.41366083084480904, 0.33818415194210827, 0.2774800857771692, 0.24439295199038827, 0.2240760301418031, 0.2083459323551468, 0.194858173540063, 0.18304547243766398, 0.17260485974056358, 0.16330787138066305, 0.15497458769458528, 0.14746122545700402, 0.14065144326982415, 0.1344500560341166, 0.12877840988782885, 0.12357092514896618, 0.11877247563313738, 0.11433637653581509, 0.11022282157270755, 0.10639765616538292, 0.10283140502858198, 0.09949849448784846], "period": [28.262382984161377, 67.22899508476257, 105.96759104728699, 142.1966781616211, 176.06593012809753, 209.0933690071106, 241.57951617240906, 273.09515619277954, 302.4042661190033, 327.9162220954895, 359.29799008369446, 385.77740812301636, 417.7624080181122, 445.6597909927368, 474.2952160835266, 500.2636811733246, 527.9555170536041, 550.2212522029877, 577.3182890415192, 590.536217212677, 613.841854095459, 627.4476480484009, 647.8104050159454, 662.0217831134796, 676.6278882026672, 691.359628200531, 709.2555801868439, 727.5997750759125, 743.6998190879822, 757.5405311584473, 772.1054890155792, 786.4668200016022, 801.1195950508118, 815.8672001361847, 830.088457107544, 843.885735988617, 858.1494510173798, 876.5130770206451, 892.2294471263885, 909.3388531208038, 926.2580051422119, 941.3503332138062, 955.8141341209412, 970.8924720287323, 985.3209731578827, 999.8286139965057, 1014.9415512084961, 1029.7809171676636, 1042.690719127655, 1056.3795261383057], "rec": [0.9949494949494949, 0.8560606060606061, 0.9797979797979798, 0.946969696969697, 0.9848484848484849, 0.9595959595959596, 0.9823232323232324, 0.9368686868686869, 0.9772727272727273, 0.9242424242424242, 0.9772727272727273, 0.9368686868686869, 0.9747474747474747, 0.9545454545454546, 0.9747474747474747, 0.9545454545454546, 0.9722222222222222, 0.9368686868686869, 0.9646464646464646, 0.8964646464646465, 0.9671717171717171, 0.9444444444444444, 0.9646464646464646, 0.9595959595959596, 0.9671717171717171, 0.9570707070707071, 0.9671717171717171, 0.9595959595959596, 0.9671717171717171, 0.9595959595959596, 0.9646464646464646, 0.9646464646464646, 0.9646464646464646, 0.9646464646464646, 0.9646464646464646, 0.9646464646464646, 0.9646464646464646, 0.9646464646464646, 0.9646464646464646, 0.9646464646464646, 0.9646464646464646, 0.9646464646464646, 0.9646464646464646, 0.9646464646464646, 0.9646464646464646, 0.9646464646464646, 0.9646464646464646, 0.9646464646464646, 0.9646464646464646, 0.9646464646464646]}