{"acc": [0.862547288776797, 0.9230769230769231, 0.957124842370744, 0.9583858764186634, 0.9634300126103404, 0.9609079445145019, 0.9621689785624212, 0.9596469104665826, 0.9684741488020177, 0.9709962168978562, 0.9672131147540983, 0.9709962168978562, 0.9684741488020177, 0.9760403530895334, 0.9709962168978562, 0.9760403530895334, 0.9722572509457755, 0.9773013871374527, 0.9722572509457755, 0.978562421185372, 0.9709962168978562, 0.9773013871374527, 0.9722572509457755, 0.9760403530895334, 0.9722572509457755, 0.9760403530895334, 0.9735182849936949, 0.9747793190416141, 0.9735182849936949, 0.9760403530895334, 0.9735182849936949, 0.9747793190416141, 0.9735182849936949, 0.9747793190416141, 0.9747793190416141, 0.9747793190416141, 0.9747793190416141, 0.9760403530895334, 0.9747793190416141, 0.9747793190416141, 0.9747793190416141, 0.9747793190416141, 0.9747793190416141, 0.9760403530895334, 0.9747793190416141, 0.9760403530895334, 0.9747793190416141, 0.9747793190416141, 0.9747793190416141, 0.9747793190416141], "pre": [0.7864271457085829, 0.9883381924198251, 0.9371980676328503, 0.9714285714285714, 0.9508599508599509, 0.9815303430079155, 0.9441747572815534, 0.9866310160427807, 0.9557739557739557, 0.9844155844155844, 0.9579207920792079, 0.9794344473007712, 0.9602977667493796, 0.9921671018276762, 0.9674185463659147, 0.9921671018276762, 0.9698492462311558, 0.9921875, 0.9746192893401016, 0.9947780678851175, 0.9745547073791349, 0.9921875, 0.9746192893401016, 0.9896103896103896, 0.9770408163265306, 0.9896103896103896, 0.9820051413881749, 0.9870466321243523, 0.9820051413881749, 0.9896103896103896, 0.9820051413881749, 0.9870466321243523, 0.9820051413881749, 0.9870466321243523, 0.9845360824742269, 0.9870466321243523, 0.9845360824742269, 0.9870801033591732, 0.9845360824742269, 0.9870466321243523, 0.9845360824742269, 0.9870466321243523, 0.9845360824742269, 0.9870801033591732, 0.9845360824742269, 0.9870801033591732, 0.9845360824742269, 0.9870466321243523, 0.9845360824742269, 0.9870466321243523], "gradNorm": [583.6794925299329, 298.19395079973685, 171.58864947108847, 70.35180471814986, 59.90337677611726, 45.62043807225842, 51.62823596053501, 54.76155367956228, 50.5554006896616, 39.419971708887715, 26.279877378177716, 30.671040882682796, 15.824649547152067, 21.55008751047163, 17.70319916095212, 13.466550443875057, 18.400629374641735, 10.90838619629264, 12.945824672428369, 6.846928577245247, 11.68479175655322, 4.906549445571846, 7.062903250224527, 6.391976484183923, 5.580564538790177, 4.772985502689909, 3.9976575653027226, 3.343162891026714, 2.799505400030469, 4.023427825992973, 3.1054915878137894, 2.45399944612583, 1.990726374847585, 2.7513951086641755, 2.083576649611577, 1.6509136218144498, 2.3291017131271188, 1.7395929133549144, 1.3577384688682907, 1.9083713271124167, 1.4120755110096401, 1.106393399634869, 1.5440795490925452, 1.149915354179224, 0.904921924722231, 1.2416674695116467, 0.9298310531692864, 0.7416198226927576, 1.0006079995677741, 0.759276324175058], "period": [12.622520923614502, 27.428704023361206, 42.721187114715576, 57.21908402442932, 71.74546194076538, 84.97525405883789, 97.15511202812195, 109.25296211242676, 121.11378002166748, 133.69622707366943, 145.32984709739685, 157.9914960861206, 168.70165395736694, 180.28312301635742, 191.77352094650269, 203.1046760082245, 214.85975313186646, 225.8539650440216, 237.46540999412537, 247.81744599342346, 259.62914204597473, 269.94165205955505, 280.9636540412903, 292.06894397735596, 303.6692669391632, 314.6715250015259, 325.53329205513, 336.5768871307373, 346.87571001052856, 357.62788915634155, 368.61804008483887, 379.2623670101166, 391.0420160293579, 402.5029890537262, 413.1122920513153, 424.6642310619354, 436.97107195854187, 448.9211370944977, 459.3325049877167, 470.50048208236694, 480.71555399894714, 490.60571908950806, 501.4570391178131, 512.5612270832062, 523.4195210933685, 535.6377730369568, 548.6314480304718, 559.2922971248627, 570.3744111061096, 580.2321979999542], "rec": [0.9949494949494949, 0.8560606060606061, 0.9797979797979798, 0.9444444444444444, 0.9772727272727273, 0.9393939393939394, 0.9823232323232324, 0.9318181818181818, 0.9823232323232324, 0.9570707070707071, 0.9772727272727273, 0.9621212121212122, 0.9772727272727273, 0.9595959595959596, 0.9747474747474747, 0.9595959595959596, 0.9747474747474747, 0.9621212121212122, 0.9696969696969697, 0.9621212121212122, 0.9671717171717171, 0.9621212121212122, 0.9696969696969697, 0.9621212121212122, 0.9671717171717171, 0.9621212121212122, 0.9646464646464646, 0.9621212121212122, 0.9646464646464646, 0.9621212121212122, 0.9646464646464646, 0.9621212121212122, 0.9646464646464646, 0.9621212121212122, 0.9646464646464646, 0.9621212121212122, 0.9646464646464646, 0.9646464646464646, 0.9646464646464646, 0.9621212121212122, 0.9646464646464646, 0.9621212121212122, 0.9646464646464646, 0.9646464646464646, 0.9646464646464646, 0.9646464646464646, 0.9646464646464646, 0.9621212121212122, 0.9646464646464646, 0.9621212121212122]}